age,job,marital,education,default,housing,loan,contact,month,day_of_week,duration,campaign,pdays,previous,poutcome,emp_var_rate,cons_price_idx,cons_conf_idx,euribor3m,nr_employed,y
44,blue-collar,married,basic.4y,unknown,yes,no,cellular,aug,thu,210,1,999,0,nonexistent,1.4,93.444,-36.1,4.963,5228.1,0
53,technician,married,unknown,no,no,no,cellular,nov,fri,138,1,999,0,nonexistent,-0.1,93.2,-42,4.021,5195.8,0
28,management,single,university.degree,no,yes,no,cellular,jun,thu,339,3,6,2,success,-1.7,94.055,-39.8,0.729,4991.6,1
39,services,married,high.school,no,no,no,cellular,apr,fri,185,2,999,0,nonexistent,-1.8,93.075,-47.1,1.405,5099.1,0
55,retired,married,basic.4y,no,yes,no,cellular,aug,fri,137,1,3,1,success,-2.9,92.201,-31.4,0.869,5076.2,1
30,management,divorced,basic.4y,no,yes,no,cellular,jul,tue,68,8,999,0,nonexistent,1.4,93.918,-42.7,4.961,5228.1,0
37,blue-collar,married,basic.4y,no,yes,no,cellular,may,thu,204,1,999,0,nonexistent,-1.8,92.893,-46.2,1.327,5099.1,0
39,blue-collar,divorced,basic.9y,no,yes,no,cellular,may,fri,191,1,999,0,nonexistent,-1.8,92.893,-46.2,1.313,5099.1,0
36,admin.,married,university.degree,no,no,no,cellular,jun,mon,174,1,3,1,success,-2.9,92.963,-40.8,1.266,5076.2,1
27,blue-collar,single,basic.4y,no,yes,no,cellular,apr,thu,191,2,999,1,failure,-1.8,93.075,-47.1,1.41,5099.1,0
34,housemaid,single,university.degree,no,no,no,telephone,may,fri,62,2,999,0,nonexistent,1.1,93.994,-36.4,4.864,5191,0
41,management,married,university.degree,no,yes,no,cellular,aug,thu,789,1,999,0,nonexistent,1.4,93.444,-36.1,4.964,5228.1,0
55,management,married,university.degree,no,no,no,cellular,aug,mon,372,3,999,0,nonexistent,1.4,93.444,-36.1,4.965,5228.1,1
33,services,divorced,high.school,no,yes,no,cellular,may,tue,75,5,999,0,nonexistent,-1.8,92.893,-46.2,1.291,5099.1,0
26,admin.,married,high.school,no,no,yes,telephone,jun,mon,1021,1,999,0,nonexistent,1.4,94.465,-41.8,4.96,5228.1,0
52,services,married,high.school,unknown,yes,no,cellular,jul,thu,117,2,999,0,nonexistent,1.4,93.918,-42.7,4.962,5228.1,0
35,services,married,high.school,no,no,no,cellular,apr,thu,1034,2,999,0,nonexistent,-1.8,93.075,-47.1,1.365,5099.1,1
27,admin.,single,university.degree,no,no,no,telephone,oct,tue,540,1,999,0,nonexistent,-0.1,93.798,-40.4,4.86,5195.8,1
28,blue-collar,married,basic.9y,unknown,no,no,telephone,may,thu,140,1,999,0,nonexistent,1.1,93.994,-36.4,4.86,5191,0
26,unemployed,single,basic.9y,no,yes,yes,cellular,jul,mon,104,4,999,0,nonexistent,1.4,93.918,-42.7,4.96,5228.1,0
41,unemployed,married,basic.9y,unknown,yes,no,telephone,apr,fri,246,1,999,1,failure,-1.8,93.075,-47.1,1.405,5099.1,0
35,blue-collar,single,unknown,no,no,yes,telephone,jun,fri,1114,1,999,0,nonexistent,1.4,94.465,-41.8,4.967,5228.1,0
40,admin.,married,university.degree,unknown,yes,no,telephone,jul,wed,340,1,999,0,nonexistent,1.4,93.918,-42.7,4.963,5228.1,0
32,technician,single,professional.course,no,no,no,cellular,jul,thu,35,1,999,0,nonexistent,1.4,93.918,-42.7,4.968,5228.1,0
41,blue-collar,married,high.school,no,yes,yes,cellular,jul,thu,241,3,999,0,nonexistent,1.4,93.918,-42.7,4.962,5228.1,0
34,entrepreneur,single,university.degree,no,yes,no,cellular,may,tue,168,2,999,0,nonexistent,-1.8,92.893,-46.2,1.344,5099.1,0
49,technician,divorced,unknown,no,yes,yes,cellular,oct,thu,81,1,999,0,nonexistent,-3.4,92.431,-26.9,0.754,5017.5,0
37,admin.,married,high.school,no,yes,no,cellular,apr,thu,226,1,2,1,success,-1.8,93.075,-47.1,1.365,5099.1,0
35,blue-collar,married,basic.6y,unknown,yes,no,cellular,may,fri,746,2,999,0,nonexistent,-1.8,92.893,-46.2,1.313,5099.1,0
38,blue-collar,single,basic.4y,unknown,no,no,telephone,jul,tue,41,5,999,0,nonexistent,1.4,93.918,-42.7,4.961,5228.1,0
47,services,divorced,high.school,no,no,no,telephone,jun,tue,115,1,999,0,nonexistent,1.4,94.465,-41.8,4.961,5228.1,0
46,admin.,married,university.degree,no,no,no,cellular,may,thu,227,2,999,0,nonexistent,-1.8,92.893,-46.2,1.327,5099.1,0
27,technician,married,professional.course,no,yes,no,cellular,may,mon,275,1,999,0,nonexistent,-1.8,92.893,-46.2,1.299,5099.1,0
29,technician,married,high.school,no,yes,no,cellular,jun,fri,365,3,999,0,nonexistent,-2.9,92.963,-40.8,1.268,5076.2,1
32,services,divorced,basic.9y,unknown,no,no,cellular,jul,wed,68,2,999,0,nonexistent,1.4,93.918,-42.7,4.963,5228.1,0
36,blue-collar,married,basic.6y,unknown,no,no,cellular,may,wed,54,1,999,2,failure,-1.8,92.893,-46.2,1.334,5099.1,0
29,blue-collar,married,basic.4y,no,yes,yes,cellular,jul,mon,93,1,999,0,nonexistent,1.4,93.918,-42.7,4.96,5228.1,0
47,technician,married,high.school,unknown,no,no,cellular,apr,mon,267,2,999,1,failure,-1.8,93.075,-47.1,1.405,5099.1,0
44,blue-collar,married,basic.4y,no,yes,no,telephone,jun,mon,17,25,999,0,nonexistent,1.4,94.465,-41.8,4.96,5228.1,0
54,management,married,university.degree,no,yes,yes,cellular,aug,thu,121,11,999,0,nonexistent,1.4,93.444,-36.1,4.962,5228.1,0
36,blue-collar,married,basic.9y,no,no,no,telephone,may,thu,294,2,999,0,nonexistent,1.1,93.994,-36.4,4.86,5191,0
42,blue-collar,married,basic.4y,no,yes,no,telephone,may,wed,24,1,999,0,nonexistent,1.1,93.994,-36.4,4.857,5191,0
44,blue-collar,married,basic.4y,no,no,no,cellular,jul,tue,345,5,999,0,nonexistent,1.4,93.918,-42.7,4.961,5228.1,0
72,retired,divorced,basic.6y,no,yes,no,cellular,nov,wed,244,2,999,0,nonexistent,-3.4,92.649,-30.1,0.715,5017.5,1
48,blue-collar,married,basic.9y,unknown,no,no,cellular,aug,tue,213,3,999,0,nonexistent,1.4,93.444,-36.1,4.966,5228.1,0
36,management,married,high.school,unknown,yes,no,cellular,nov,thu,371,1,999,0,nonexistent,-0.1,93.2,-42,4.076,5195.8,0
35,housemaid,married,basic.4y,no,yes,no,cellular,aug,mon,87,1,999,0,nonexistent,1.4,93.444,-36.1,4.965,5228.1,0
43,entrepreneur,married,basic.6y,no,yes,no,cellular,may,mon,195,3,999,1,failure,-1.8,92.893,-46.2,1.354,5099.1,0
56,retired,married,basic.4y,unknown,yes,no,cellular,aug,wed,102,1,999,0,nonexistent,1.4,93.444,-36.1,4.967,5228.1,0
42,blue-collar,married,basic.9y,unknown,yes,no,telephone,jun,fri,93,2,999,0,nonexistent,1.4,94.465,-41.8,4.959,5228.1,0
31,admin.,single,university.degree,no,yes,no,cellular,may,mon,244,1,999,0,nonexistent,-1.8,92.893,-46.2,1.354,5099.1,0
32,technician,married,basic.9y,unknown,no,no,telephone,jun,thu,52,5,999,0,nonexistent,1.4,94.465,-41.8,4.958,5228.1,0
33,blue-collar,married,high.school,unknown,yes,yes,cellular,may,mon,164,2,999,1,failure,-1.8,92.893,-46.2,1.354,5099.1,0
31,blue-collar,married,basic.6y,unknown,no,no,telephone,jun,wed,91,4,999,0,nonexistent,1.4,94.465,-41.8,4.864,5228.1,0
39,management,married,university.degree,no,yes,no,telephone,may,wed,68,1,999,0,nonexistent,1.1,93.994,-36.4,4.859,5191,0
30,blue-collar,married,high.school,no,no,no,telephone,may,mon,122,4,999,0,nonexistent,1.1,93.994,-36.4,4.857,5191,0
24,management,single,university.degree,no,yes,no,cellular,may,thu,45,4,999,1,failure,-1.8,92.893,-46.2,1.27,5099.1,0
24,admin.,married,high.school,no,no,yes,telephone,may,mon,61,1,999,0,nonexistent,1.1,93.994,-36.4,4.857,5191,0
38,blue-collar,married,professional.course,no,yes,no,telephone,may,wed,162,4,999,0,nonexistent,1.1,93.994,-36.4,4.859,5191,0
26,blue-collar,married,high.school,no,yes,no,telephone,jun,wed,126,12,999,0,nonexistent,1.4,94.465,-41.8,4.959,5228.1,0
41,technician,married,professional.course,no,no,no,telephone,may,tue,92,1,999,0,nonexistent,1.1,93.994,-36.4,4.856,5191,0
34,admin.,married,high.school,no,yes,yes,cellular,apr,fri,329,1,999,0,nonexistent,-1.8,93.075,-47.1,1.405,5099.1,0
30,management,married,university.degree,no,no,no,cellular,mar,mon,116,1,999,0,nonexistent,-1.8,92.843,-50,1.811,5099.1,1
37,admin.,married,university.degree,no,yes,no,cellular,nov,fri,450,1,999,0,nonexistent,-0.1,93.2,-42,4.021,5195.8,0
68,retired,married,basic.4y,no,yes,no,cellular,jul,wed,665,1,999,0,nonexistent,-2.9,92.469,-33.6,1.029,5076.2,0
31,admin.,single,high.school,no,no,no,cellular,jul,fri,168,2,999,0,nonexistent,1.4,93.918,-42.7,4.962,5228.1,0
48,technician,divorced,university.degree,no,yes,no,cellular,apr,thu,132,1,999,0,nonexistent,-1.8,93.075,-47.1,1.365,5099.1,0
33,technician,married,professional.course,no,yes,no,telephone,may,mon,349,4,999,0,nonexistent,1.1,93.994,-36.4,4.857,5191,0
59,self-employed,single,university.degree,no,yes,no,telephone,may,fri,249,3,999,0,nonexistent,-1.8,92.893,-46.2,1.259,5099.1,0
44,blue-collar,married,unknown,unknown,yes,no,telephone,may,tue,336,3,999,0,nonexistent,1.1,93.994,-36.4,4.857,5191,0
28,unknown,single,unknown,unknown,yes,no,telephone,jun,thu,169,1,999,0,nonexistent,1.4,94.465,-41.8,4.866,5228.1,0
50,management,married,university.degree,no,no,no,cellular,aug,tue,89,3,4,1,success,-2.9,92.201,-31.4,0.883,5076.2,0
33,entrepreneur,married,university.degree,no,no,no,cellular,nov,thu,55,1,999,0,nonexistent,-0.1,93.2,-42,4.076,5195.8,0
45,services,married,professional.course,no,yes,no,telephone,may,mon,221,1,999,0,nonexistent,1.1,93.994,-36.4,4.857,5191,0
40,management,married,university.degree,no,no,no,cellular,jul,mon,77,2,999,0,nonexistent,1.4,93.918,-42.7,4.96,5228.1,0
45,services,married,professional.course,no,no,no,telephone,aug,thu,64,18,999,0,nonexistent,1.4,93.444,-36.1,4.962,5228.1,0
43,technician,divorced,university.degree,unknown,no,no,telephone,may,mon,62,2,999,0,nonexistent,1.1,93.994,-36.4,4.858,5191,0
54,blue-collar,married,professional.course,unknown,yes,yes,telephone,may,mon,198,3,999,0,nonexistent,1.1,93.994,-36.4,4.857,5191,0
53,technician,divorced,professional.course,no,no,no,telephone,may,tue,249,1,999,0,nonexistent,1.1,93.994,-36.4,4.856,5191,0
35,self-employed,single,university.degree,no,yes,no,cellular,jul,thu,106,1,999,0,nonexistent,1.4,93.918,-42.7,4.968,5228.1,0
30,technician,single,professional.course,no,yes,no,cellular,aug,fri,445,1,999,0,nonexistent,1.4,93.444,-36.1,4.966,5228.1,0
25,technician,married,professional.course,no,yes,no,telephone,jun,wed,149,2,999,0,nonexistent,1.4,94.465,-41.8,4.962,5228.1,0
35,services,divorced,professional.course,no,no,yes,cellular,aug,thu,66,1,999,0,nonexistent,1.4,93.444,-36.1,4.963,5228.1,0
54,admin.,married,university.degree,no,yes,no,cellular,mar,mon,415,1,999,0,nonexistent,-1.8,92.843,-50,1.56,5099.1,1
30,blue-collar,married,basic.6y,no,no,no,cellular,jul,mon,173,2,999,0,nonexistent,1.4,93.918,-42.7,4.96,5228.1,0
38,admin.,married,university.degree,unknown,yes,no,cellular,aug,tue,173,1,999,0,nonexistent,1.4,93.444,-36.1,4.963,5228.1,0
35,admin.,married,university.degree,no,yes,no,cellular,oct,thu,86,1,999,1,failure,-3.4,92.431,-26.9,0.74,5017.5,0
47,blue-collar,married,professional.course,unknown,yes,no,telephone,may,wed,131,1,999,0,nonexistent,1.1,93.994,-36.4,4.856,5191,0
32,blue-collar,single,high.school,no,yes,no,cellular,jul,tue,523,3,999,0,nonexistent,1.4,93.918,-42.7,4.962,5228.1,0
27,blue-collar,married,basic.9y,no,yes,no,telephone,may,tue,383,1,999,0,nonexistent,1.1,93.994,-36.4,4.856,5191,0
40,blue-collar,married,basic.9y,no,unknown,unknown,telephone,nov,thu,160,1,999,0,nonexistent,-0.1,93.2,-42,4.245,5195.8,1
31,admin.,married,high.school,no,no,no,telephone,may,mon,220,3,999,0,nonexistent,1.1,93.994,-36.4,4.857,5191,0
42,blue-collar,divorced,basic.9y,no,no,no,cellular,apr,mon,20,2,999,0,nonexistent,-1.8,93.075,-47.1,1.405,5099.1,0
40,blue-collar,married,basic.6y,no,yes,no,cellular,may,thu,160,4,999,0,nonexistent,-1.8,92.893,-46.2,1.327,5099.1,0
31,admin.,single,high.school,no,yes,no,cellular,nov,wed,79,1,999,0,nonexistent,-0.1,93.2,-42,4.12,5195.8,0
57,technician,married,basic.4y,unknown,no,no,telephone,jun,thu,243,2,999,0,nonexistent,1.4,94.465,-41.8,4.958,5228.1,0
38,admin.,single,high.school,no,yes,no,cellular,apr,thu,882,1,6,1,success,-1.8,93.749,-34.6,0.659,5008.7,1
39,services,married,high.school,unknown,no,no,telephone,may,mon,5,2,999,0,nonexistent,1.1,93.994,-36.4,4.858,5191,0
37,admin.,divorced,high.school,unknown,yes,yes,telephone,may,wed,354,5,999,0,nonexistent,1.1,93.994,-36.4,4.858,5191,0
50,unemployed,married,professional.course,unknown,yes,yes,cellular,jul,thu,225,1,999,0,nonexistent,1.4,93.918,-42.7,4.962,5228.1,0
33,blue-collar,single,basic.4y,no,yes,yes,cellular,apr,thu,460,1,999,0,nonexistent,-1.8,93.075,-47.1,1.365,5099.1,1
41,blue-collar,married,basic.6y,no,unknown,unknown,telephone,jun,tue,202,1,999,0,nonexistent,1.4,94.465,-41.8,4.864,5228.1,0
37,entrepreneur,married,basic.6y,unknown,unknown,unknown,telephone,may,fri,71,1,999,0,nonexistent,1.1,93.994,-36.4,4.857,5191,0
25,student,single,high.school,no,no,no,cellular,apr,wed,54,1,999,0,nonexistent,-1.8,93.075,-47.1,1.415,5099.1,0
35,admin.,married,high.school,unknown,no,no,cellular,jul,fri,451,1,999,0,nonexistent,1.4,93.918,-42.7,4.963,5228.1,0
46,management,married,university.degree,no,no,no,cellular,jul,mon,662,2,999,0,nonexistent,1.4,93.918,-42.7,4.962,5228.1,1
29,admin.,divorced,university.degree,no,no,no,telephone,jun,mon,187,3,999,0,nonexistent,1.4,94.465,-41.8,4.96,5228.1,0
35,admin.,married,university.degree,no,yes,no,cellular,aug,thu,82,4,999,0,nonexistent,1.4,93.444,-36.1,4.962,5228.1,0
48,entrepreneur,single,professional.course,no,yes,no,cellular,may,wed,606,3,999,0,nonexistent,-1.8,92.893,-46.2,1.334,5099.1,0
31,self-employed,single,university.degree,no,no,no,cellular,oct,fri,76,1,999,0,nonexistent,-3.4,92.431,-26.9,0.73,5017.5,0
33,blue-collar,divorced,basic.9y,no,no,yes,telephone,may,thu,18,6,999,1,failure,-1.8,92.893,-46.2,1.266,5099.1,0
63,retired,divorced,university.degree,no,no,yes,cellular,jul,thu,317,1,999,1,failure,-2.9,92.469,-33.6,1.072,5076.2,0
38,admin.,married,high.school,no,yes,no,cellular,nov,tue,67,2,999,0,nonexistent,-0.1,93.2,-42,4.153,5195.8,0
34,admin.,divorced,high.school,no,no,no,cellular,nov,tue,492,2,6,3,success,-3.4,92.649,-30.1,0.716,5017.5,0
34,services,divorced,high.school,no,no,no,telephone,jul,thu,212,4,999,0,nonexistent,1.4,93.918,-42.7,4.962,5228.1,0
47,management,married,university.degree,no,yes,no,telephone,may,wed,267,2,3,3,success,-1.8,93.876,-40,0.682,5008.7,0
27,blue-collar,single,basic.9y,no,yes,no,telephone,may,wed,185,1,999,0,nonexistent,1.1,93.994,-36.4,4.857,5191,0
24,admin.,single,university.degree,no,no,no,cellular,aug,fri,744,1,999,2,failure,-1.7,94.027,-38.3,0.905,4991.6,1
36,blue-collar,married,basic.9y,no,yes,no,cellular,may,wed,499,3,999,0,nonexistent,-1.8,92.893,-46.2,1.281,5099.1,0
29,services,single,high.school,unknown,no,no,telephone,jun,mon,123,2,999,0,nonexistent,1.4,94.465,-41.8,4.958,5228.1,0
58,retired,married,basic.9y,no,yes,no,telephone,jun,mon,198,1,999,0,nonexistent,1.4,94.465,-41.8,4.865,5228.1,0
40,technician,married,professional.course,no,no,no,cellular,aug,tue,156,1,999,0,nonexistent,1.4,93.444,-36.1,4.968,5228.1,0
31,admin.,single,university.degree,no,yes,no,cellular,aug,thu,98,8,999,0,nonexistent,1.4,93.444,-36.1,4.962,5228.1,0
60,retired,married,basic.4y,unknown,no,no,cellular,aug,tue,332,3,999,0,nonexistent,1.4,93.444,-36.1,4.963,5228.1,0
58,housemaid,married,basic.4y,unknown,yes,no,telephone,jul,tue,35,1,999,0,nonexistent,1.4,93.918,-42.7,4.961,5228.1,0
32,blue-collar,single,basic.9y,no,yes,no,cellular,jul,tue,124,2,999,0,nonexistent,1.4,93.918,-42.7,4.961,5228.1,0
54,admin.,divorced,university.degree,no,no,no,telephone,jun,tue,213,4,999,0,nonexistent,1.4,94.465,-41.8,4.961,5228.1,0
43,technician,married,professional.course,unknown,yes,no,cellular,aug,mon,145,2,999,0,nonexistent,1.4,93.444,-36.1,4.965,5228.1,0
48,retired,married,basic.4y,unknown,no,no,telephone,jun,wed,145,8,999,0,nonexistent,1.4,94.465,-41.8,4.864,5228.1,0
33,admin.,married,university.degree,no,yes,no,cellular,nov,thu,195,1,999,0,nonexistent,-0.1,93.2,-42,4.076,5195.8,0
37,blue-collar,married,basic.9y,unknown,no,no,telephone,jul,mon,179,2,999,0,nonexistent,1.4,93.918,-42.7,4.96,5228.1,0
35,services,divorced,professional.course,unknown,no,no,telephone,may,wed,184,2,999,0,nonexistent,1.1,93.994,-36.4,4.857,5191,0
34,services,married,high.school,no,no,no,telephone,may,thu,285,1,999,0,nonexistent,1.1,93.994,-36.4,4.86,5191,0
30,technician,single,university.degree,no,yes,no,cellular,aug,thu,31,17,999,0,nonexistent,1.4,93.444,-36.1,4.962,5228.1,0
38,admin.,married,basic.9y,unknown,yes,no,telephone,jun,mon,306,1,999,0,nonexistent,1.4,94.465,-41.8,4.961,5228.1,0
29,technician,divorced,professional.course,unknown,yes,no,cellular,may,fri,14,5,999,1,failure,-1.8,92.893,-46.2,1.313,5099.1,0
49,entrepreneur,married,university.degree,no,yes,no,cellular,apr,mon,334,1,999,0,nonexistent,-1.8,93.075,-47.1,1.405,5099.1,0
48,management,divorced,university.degree,no,no,no,cellular,aug,fri,117,1,999,0,nonexistent,-2.9,92.201,-31.4,0.869,5076.2,0
33,management,married,high.school,no,yes,no,cellular,jul,wed,155,2,999,0,nonexistent,1.4,93.918,-42.7,4.963,5228.1,0
33,admin.,single,university.degree,no,yes,yes,telephone,apr,wed,117,1,999,0,nonexistent,-1.8,93.075,-47.1,1.415,5099.1,0
42,management,married,university.degree,no,no,no,telephone,may,fri,206,1,999,0,nonexistent,1.1,93.994,-36.4,4.857,5191,0
39,admin.,married,university.degree,no,no,no,telephone,jun,tue,102,1,999,0,nonexistent,1.4,94.465,-41.8,4.864,5228.1,0
55,entrepreneur,married,university.degree,unknown,yes,yes,cellular,nov,tue,157,2,999,0,nonexistent,-0.1,93.2,-42,4.153,5195.8,0
46,management,married,university.degree,unknown,yes,no,telephone,may,thu,311,3,999,0,nonexistent,1.1,93.994,-36.4,4.86,5191,0
55,blue-collar,divorced,basic.4y,unknown,no,yes,telephone,jun,tue,115,3,999,0,nonexistent,1.4,94.465,-41.8,4.864,5228.1,0
42,entrepreneur,married,university.degree,no,yes,no,cellular,nov,fri,58,1,999,1,failure,-0.1,93.2,-42,4.021,5195.8,0
24,student,single,high.school,unknown,yes,no,cellular,may,wed,290,1,999,1,failure,-1.8,92.893,-46.2,1.281,5099.1,0
49,blue-collar,married,basic.9y,unknown,yes,no,cellular,aug,thu,114,1,999,0,nonexistent,1.4,93.444,-36.1,4.963,5228.1,0
38,admin.,married,unknown,no,no,yes,cellular,jul,wed,311,3,999,0,nonexistent,1.4,93.918,-42.7,4.963,5228.1,0
34,admin.,married,university.degree,unknown,no,no,cellular,aug,tue,146,1,999,0,nonexistent,1.4,93.444,-36.1,4.968,5228.1,0
46,blue-collar,married,basic.4y,unknown,no,no,cellular,jul,fri,111,1,999,0,nonexistent,1.4,93.918,-42.7,4.957,5228.1,0
45,technician,married,professional.course,unknown,yes,no,cellular,aug,thu,360,5,999,0,nonexistent,1.4,93.444,-36.1,4.963,5228.1,0
40,admin.,married,basic.9y,no,yes,no,cellular,jul,thu,106,4,999,0,nonexistent,1.4,93.918,-42.7,4.968,5228.1,0
46,admin.,divorced,basic.9y,unknown,no,no,telephone,may,wed,423,1,999,0,nonexistent,1.1,93.994,-36.4,4.856,5191,0
31,blue-collar,single,basic.9y,no,no,no,telephone,jun,wed,350,7,999,0,nonexistent,1.4,94.465,-41.8,4.962,5228.1,0
57,self-employed,married,basic.9y,unknown,yes,yes,telephone,may,tue,122,1,999,0,nonexistent,1.1,93.994,-36.4,4.857,5191,0
36,admin.,married,university.degree,no,no,no,cellular,may,mon,91,3,999,0,nonexistent,-1.8,92.893,-46.2,1.299,5099.1,0
50,technician,married,professional.course,no,unknown,unknown,cellular,nov,tue,319,2,999,1,failure,-0.1,93.2,-42,4.153,5195.8,0
32,admin.,single,high.school,no,yes,yes,cellular,apr,wed,120,1,999,0,nonexistent,-1.8,93.075,-47.1,1.415,5099.1,0
38,admin.,single,university.degree,no,yes,no,cellular,jul,mon,82,2,999,0,nonexistent,-2.9,92.469,-33.6,0.914,5076.2,0
50,admin.,married,university.degree,no,unknown,unknown,cellular,may,wed,801,1,999,1,failure,-1.8,93.876,-40,0.682,5008.7,0
42,blue-collar,married,basic.4y,no,yes,no,telephone,jun,thu,168,2,999,0,nonexistent,1.4,94.465,-41.8,4.866,5228.1,0
31,technician,married,professional.course,no,yes,no,cellular,aug,wed,409,2,999,0,nonexistent,1.4,93.444,-36.1,4.965,5228.1,0
27,unemployed,single,university.degree,no,yes,no,cellular,jul,tue,120,1,999,0,nonexistent,1.4,93.918,-42.7,4.961,5228.1,0
44,self-employed,divorced,high.school,no,yes,no,telephone,jun,mon,123,1,999,0,nonexistent,1.4,94.465,-41.8,4.865,5228.1,0
26,housemaid,single,high.school,unknown,yes,yes,telephone,jul,thu,127,1,999,0,nonexistent,1.4,93.918,-42.7,4.963,5228.1,0
30,blue-collar,single,high.school,unknown,yes,no,cellular,may,thu,340,1,999,0,nonexistent,-1.8,92.893,-46.2,1.327,5099.1,0
39,self-employed,single,high.school,no,yes,no,cellular,nov,fri,169,1,999,0,nonexistent,-0.1,93.2,-42,4.021,5195.8,0
64,retired,married,unknown,no,no,no,cellular,aug,fri,252,4,999,0,nonexistent,-2.9,92.201,-31.4,0.849,5076.2,1
36,management,married,university.degree,no,unknown,unknown,cellular,sep,wed,331,1,6,4,failure,-1.1,94.199,-37.5,0.876,4963.6,1
42,blue-collar,married,basic.4y,unknown,yes,no,telephone,may,wed,191,4,999,0,nonexistent,1.1,93.994,-36.4,4.856,5191,0
42,services,single,high.school,no,no,no,cellular,may,thu,122,2,999,0,nonexistent,-1.8,92.893,-46.2,1.327,5099.1,0
40,admin.,divorced,high.school,no,no,no,cellular,jul,wed,1776,3,999,0,nonexistent,1.4,93.918,-42.7,4.963,5228.1,0
34,services,married,high.school,no,no,yes,cellular,may,wed,362,2,999,1,failure,-1.8,92.893,-46.2,1.334,5099.1,0
31,blue-collar,married,basic.6y,no,yes,yes,telephone,may,thu,237,2,999,0,nonexistent,1.1,93.994,-36.4,4.86,5191,0
49,admin.,single,university.degree,no,no,no,telephone,may,fri,201,3,999,0,nonexistent,1.1,93.994,-36.4,4.857,5191,0
35,unemployed,divorced,basic.9y,no,no,no,cellular,jul,thu,169,7,999,0,nonexistent,1.4,93.918,-42.7,4.958,5228.1,0
60,admin.,married,unknown,unknown,no,yes,telephone,may,mon,213,2,999,0,nonexistent,1.1,93.994,-36.4,4.857,5191,0
38,admin.,divorced,basic.9y,no,no,no,cellular,nov,fri,271,1,999,0,nonexistent,-0.1,93.2,-42,4.021,5195.8,0
32,management,married,professional.course,no,no,no,cellular,may,thu,125,1,999,1,failure,-1.8,92.893,-46.2,1.266,5099.1,0
50,self-employed,married,basic.9y,no,yes,yes,cellular,may,mon,673,6,3,1,success,-1.8,92.893,-46.2,1.354,5099.1,1
41,admin.,married,university.degree,no,yes,no,cellular,apr,fri,961,6,999,0,nonexistent,-1.8,93.749,-34.6,0.644,5008.7,1
45,admin.,married,high.school,no,no,no,telephone,may,wed,215,2,999,0,nonexistent,1.1,93.994,-36.4,4.857,5191,0
46,blue-collar,married,basic.6y,no,no,yes,telephone,jun,tue,179,2,999,0,nonexistent,1.4,94.465,-41.8,4.864,5228.1,0
55,unknown,married,basic.4y,unknown,yes,no,telephone,may,mon,336,1,999,0,nonexistent,1.1,93.994,-36.4,4.857,5191,0
33,technician,divorced,professional.course,no,yes,no,telephone,may,fri,44,1,999,0,nonexistent,1.1,93.994,-36.4,4.855,5191,0
45,blue-collar,married,unknown,unknown,no,no,telephone,may,mon,223,1,999,0,nonexistent,1.1,93.994,-36.4,4.857,5191,0
29,blue-collar,married,high.school,no,yes,no,cellular,may,wed,66,1,999,0,nonexistent,-1.8,92.893,-46.2,1.281,5099.1,0
42,technician,married,high.school,unknown,no,no,cellular,jul,wed,252,2,999,0,nonexistent,1.4,93.918,-42.7,4.957,5228.1,0
39,housemaid,married,university.degree,no,yes,no,telephone,may,mon,167,2,999,0,nonexistent,1.1,93.994,-36.4,4.857,5191,0
58,blue-collar,married,unknown,unknown,yes,no,cellular,jul,thu,180,4,999,0,nonexistent,1.4,93.918,-42.7,4.962,5228.1,0
32,management,divorced,university.degree,no,yes,no,cellular,jul,tue,123,4,999,0,nonexistent,1.4,93.918,-42.7,4.961,5228.1,0
44,technician,divorced,professional.course,unknown,yes,no,cellular,apr,thu,18,3,999,1,failure,-1.8,93.075,-47.1,1.41,5099.1,0
49,self-employed,married,professional.course,no,no,no,telephone,may,fri,374,2,999,0,nonexistent,1.1,93.994,-36.4,4.859,5191,0
29,blue-collar,married,basic.6y,no,yes,no,cellular,may,thu,108,4,999,0,nonexistent,-1.8,92.893,-46.2,1.266,5099.1,0
51,management,married,university.degree,no,no,no,telephone,jun,wed,16,17,999,0,nonexistent,1.4,94.465,-41.8,4.962,5228.1,0
36,admin.,married,university.degree,no,yes,no,cellular,aug,thu,45,8,999,0,nonexistent,1.4,93.444,-36.1,4.962,5228.1,0
23,management,single,university.degree,no,yes,no,cellular,apr,mon,122,1,999,0,nonexistent,-1.8,93.075,-47.1,1.392,5099.1,1
31,management,single,university.degree,no,yes,no,cellular,aug,mon,72,1,999,0,nonexistent,1.4,93.444,-36.1,4.965,5228.1,0
32,technician,married,unknown,no,yes,no,cellular,jul,fri,107,2,999,0,nonexistent,1.4,93.918,-42.7,4.963,5228.1,0
58,self-employed,divorced,professional.course,no,no,no,telephone,jun,thu,197,1,999,0,nonexistent,1.4,94.465,-41.8,4.961,5228.1,0
31,services,single,high.school,no,yes,no,cellular,jul,wed,21,20,999,0,nonexistent,1.4,93.918,-42.7,4.963,5228.1,0
32,blue-collar,married,professional.course,no,yes,no,cellular,may,fri,160,2,999,0,nonexistent,-1.8,92.893,-46.2,1.25,5099.1,0
43,unemployed,married,high.school,no,no,no,cellular,aug,thu,319,4,3,2,success,-2.9,92.201,-31.4,0.873,5076.2,0
48,admin.,divorced,professional.course,no,yes,no,telephone,may,fri,427,3,999,0,nonexistent,1.1,93.994,-36.4,4.859,5191,0
28,admin.,single,high.school,no,yes,no,cellular,jul,thu,270,2,999,0,nonexistent,1.4,93.918,-42.7,4.963,5228.1,0
52,services,unknown,professional.course,no,yes,no,telephone,jun,fri,7,2,999,0,nonexistent,1.4,94.465,-41.8,4.959,5228.1,0
36,management,married,university.degree,no,no,no,telephone,jun,thu,22,1,999,0,nonexistent,1.4,94.465,-41.8,4.866,5228.1,0
39,admin.,divorced,high.school,no,yes,yes,cellular,apr,thu,433,2,999,0,nonexistent,-1.8,93.075,-47.1,1.41,5099.1,0
39,blue-collar,married,unknown,unknown,yes,no,telephone,jul,tue,49,5,999,0,nonexistent,1.4,93.918,-42.7,4.961,5228.1,0
50,management,married,university.degree,no,yes,no,telephone,oct,thu,258,1,999,1,failure,-3.4,92.431,-26.9,0.754,5017.5,0
29,admin.,single,university.degree,no,yes,no,cellular,nov,fri,190,1,999,0,nonexistent,-0.1,93.2,-42,4.021,5195.8,0
49,technician,divorced,professional.course,no,yes,no,cellular,may,tue,130,3,999,0,nonexistent,-1.8,92.893,-46.2,1.291,5099.1,0
36,blue-collar,married,basic.6y,no,no,no,cellular,nov,wed,130,1,999,0,nonexistent,-0.1,93.2,-42,4.12,5195.8,0
29,blue-collar,married,basic.9y,unknown,yes,no,cellular,may,thu,182,6,999,0,nonexistent,-1.8,92.893,-46.2,1.266,5099.1,0
27,entrepreneur,single,university.degree,no,no,no,telephone,jun,tue,259,3,999,0,nonexistent,1.4,94.465,-41.8,4.961,5228.1,0
31,blue-collar,married,basic.9y,no,yes,no,cellular,jul,wed,124,1,999,0,nonexistent,1.4,93.918,-42.7,4.962,5228.1,0
43,management,single,high.school,no,no,no,cellular,nov,fri,40,1,999,0,nonexistent,-0.1,93.2,-42,4.021,5195.8,0
32,blue-collar,married,unknown,no,no,no,cellular,nov,thu,366,4,999,0,nonexistent,-0.1,93.2,-42,4.076,5195.8,0
45,blue-collar,married,high.school,unknown,yes,no,cellular,aug,wed,399,2,999,0,nonexistent,1.4,93.444,-36.1,4.965,5228.1,0
56,blue-collar,married,basic.4y,no,no,no,telephone,jun,wed,133,2,999,0,nonexistent,1.4,94.465,-41.8,4.959,5228.1,0
38,admin.,married,high.school,no,unknown,unknown,telephone,may,wed,23,16,999,0,nonexistent,1.1,93.994,-36.4,4.858,5191,0
35,blue-collar,married,basic.9y,unknown,no,no,telephone,may,thu,170,1,999,0,nonexistent,1.1,93.994,-36.4,4.855,5191,0
30,admin.,single,university.degree,no,yes,no,cellular,aug,fri,83,1,999,2,failure,-2.9,92.201,-31.4,0.881,5076.2,0
46,management,married,university.degree,unknown,no,no,cellular,apr,fri,79,1,999,0,nonexistent,-1.8,93.075,-47.1,1.405,5099.1,0
43,blue-collar,married,basic.9y,no,yes,no,cellular,may,thu,93,4,999,2,failure,-1.8,92.893,-46.2,1.327,5099.1,0
38,technician,married,university.degree,unknown,no,no,telephone,may,thu,257,2,999,0,nonexistent,1.1,93.994,-36.4,4.855,5191,0
52,retired,married,university.degree,no,yes,no,telephone,nov,thu,188,2,999,0,nonexistent,-0.1,93.2,-42,4.076,5195.8,0
30,technician,unknown,university.degree,no,no,no,cellular,oct,fri,131,2,16,1,success,-1.1,94.601,-49.5,0.942,4963.6,0
31,unemployed,married,high.school,yes,no,no,cellular,nov,tue,111,2,999,1,failure,-0.1,93.2,-42,4.153,5195.8,0
31,blue-collar,single,basic.4y,unknown,yes,no,cellular,may,fri,73,1,999,0,nonexistent,-1.8,92.893,-46.2,1.25,5099.1,0
24,technician,single,professional.course,no,no,no,cellular,may,thu,175,1,999,1,failure,-1.8,92.893,-46.2,1.266,5099.1,0
34,admin.,single,university.degree,no,yes,no,cellular,jul,tue,439,2,999,0,nonexistent,1.4,93.918,-42.7,4.961,5228.1,0
48,admin.,married,unknown,no,no,no,cellular,aug,thu,262,1,999,0,nonexistent,1.4,93.444,-36.1,4.968,5228.1,0
30,admin.,married,university.degree,no,yes,no,cellular,aug,thu,136,1,999,0,nonexistent,1.4,93.444,-36.1,4.963,5228.1,0
23,blue-collar,single,high.school,unknown,yes,no,cellular,jul,mon,150,4,999,0,nonexistent,1.4,93.918,-42.7,4.962,5228.1,0
20,entrepreneur,single,high.school,no,no,no,telephone,may,thu,598,3,999,0,nonexistent,1.1,93.994,-36.4,4.855,5191,0
43,admin.,divorced,high.school,no,no,no,cellular,jul,mon,96,3,999,0,nonexistent,1.4,93.918,-42.7,4.96,5228.1,0
26,services,single,high.school,no,no,no,cellular,may,mon,298,2,999,2,failure,-1.8,92.893,-46.2,1.299,5099.1,0
58,unemployed,single,basic.4y,unknown,no,no,telephone,jun,mon,170,6,999,0,nonexistent,1.4,94.465,-41.8,4.96,5228.1,0
26,admin.,single,university.degree,no,yes,no,cellular,may,tue,104,5,999,0,nonexistent,-1.8,92.893,-46.2,1.291,5099.1,0
35,admin.,married,high.school,unknown,yes,no,telephone,may,fri,213,14,999,0,nonexistent,1.1,93.994,-36.4,4.859,5191,0
35,admin.,married,high.school,unknown,no,no,cellular,jul,mon,356,3,999,0,nonexistent,1.4,93.918,-42.7,4.962,5228.1,0
59,admin.,divorced,professional.course,no,no,no,cellular,aug,tue,206,1,999,1,failure,-2.9,92.201,-31.4,0.883,5076.2,1
54,blue-collar,married,basic.4y,unknown,no,no,telephone,may,mon,102,1,999,0,nonexistent,1.1,93.994,-36.4,4.857,5191,0
37,blue-collar,divorced,basic.9y,no,yes,no,cellular,jul,thu,346,2,999,0,nonexistent,1.4,93.918,-42.7,4.968,5228.1,0
46,technician,divorced,professional.course,no,no,no,telephone,jun,wed,53,2,999,0,nonexistent,1.4,94.465,-41.8,4.962,5228.1,0
52,services,married,high.school,unknown,no,no,cellular,jul,mon,81,6,999,0,nonexistent,1.4,93.918,-42.7,4.962,5228.1,0
52,management,married,university.degree,no,yes,no,cellular,nov,tue,67,1,999,0,nonexistent,-0.1,93.2,-42,4.153,5195.8,0
32,student,single,university.degree,no,no,no,cellular,may,fri,209,1,999,0,nonexistent,-1.8,92.893,-46.2,1.313,5099.1,0
33,services,married,basic.4y,no,no,no,telephone,may,tue,202,4,999,0,nonexistent,1.1,93.994,-36.4,4.857,5191,0
33,technician,divorced,high.school,no,yes,no,cellular,may,tue,247,1,999,0,nonexistent,-1.8,92.893,-46.2,1.291,5099.1,0
42,technician,single,unknown,no,no,no,telephone,may,mon,230,2,999,0,nonexistent,1.1,93.994,-36.4,4.857,5191,0
38,blue-collar,divorced,unknown,no,yes,no,telephone,may,thu,451,2,999,0,nonexistent,1.1,93.994,-36.4,4.86,5191,0
43,blue-collar,married,high.school,unknown,yes,no,telephone,may,tue,190,1,999,0,nonexistent,1.1,93.994,-36.4,4.857,5191,0
49,admin.,divorced,university.degree,no,no,no,telephone,may,fri,24,1,999,0,nonexistent,1.1,93.994,-36.4,4.857,5191,0
30,blue-collar,married,basic.9y,no,unknown,unknown,telephone,may,wed,107,3,999,0,nonexistent,-1.8,92.893,-46.2,1.281,5099.1,0
37,technician,married,professional.course,no,no,no,cellular,apr,fri,54,2,999,0,nonexistent,-1.8,93.075,-47.1,1.405,5099.1,0
47,blue-collar,married,professional.course,no,no,no,cellular,jul,mon,86,2,999,0,nonexistent,1.4,93.918,-42.7,4.962,5228.1,0
32,blue-collar,married,basic.4y,no,yes,no,telephone,nov,thu,111,8,999,0,nonexistent,-3.4,92.649,-30.1,0.716,5017.5,0
32,unemployed,married,university.degree,no,yes,no,cellular,jul,fri,47,2,999,0,nonexistent,1.4,93.918,-42.7,4.963,5228.1,0
35,services,divorced,university.degree,no,yes,no,cellular,may,mon,215,1,999,0,nonexistent,-1.8,92.893,-46.2,1.299,5099.1,0
36,management,divorced,university.degree,no,unknown,unknown,cellular,may,fri,423,1,999,0,nonexistent,-1.8,92.893,-46.2,1.25,5099.1,0
41,blue-collar,married,basic.9y,no,yes,no,cellular,may,wed,233,2,999,0,nonexistent,-1.8,92.893,-46.2,1.334,5099.1,0
48,blue-collar,married,basic.9y,no,yes,no,telephone,aug,fri,67,2,999,0,nonexistent,1.4,93.444,-36.1,4.964,5228.1,0
43,technician,married,high.school,no,no,no,cellular,jul,wed,1389,7,999,0,nonexistent,1.4,93.918,-42.7,4.957,5228.1,0
57,technician,married,university.degree,no,no,no,telephone,may,fri,50,2,999,0,nonexistent,1.1,93.994,-36.4,4.864,5191,0
28,entrepreneur,married,university.degree,unknown,no,no,cellular,apr,mon,774,2,999,0,nonexistent,-1.8,93.075,-47.1,1.405,5099.1,0
30,services,single,high.school,unknown,no,no,telephone,jul,thu,454,18,999,0,nonexistent,1.4,93.918,-42.7,4.968,5228.1,0
27,student,single,high.school,no,no,no,cellular,may,mon,64,2,999,1,failure,-1.8,92.893,-46.2,1.354,5099.1,0
44,blue-collar,married,basic.6y,unknown,yes,no,telephone,may,tue,212,1,999,0,nonexistent,1.1,93.994,-36.4,4.856,5191,0
43,services,married,basic.9y,no,no,no,telephone,jun,thu,110,17,999,0,nonexistent,1.4,94.465,-41.8,4.866,5228.1,0
28,technician,married,basic.9y,no,yes,no,cellular,may,wed,23,1,999,1,failure,-1.8,92.893,-46.2,1.281,5099.1,0
34,blue-collar,married,basic.9y,no,no,no,cellular,may,tue,169,1,999,0,nonexistent,-1.8,92.893,-46.2,1.344,5099.1,0
32,services,married,high.school,no,yes,no,telephone,jul,thu,251,2,999,0,nonexistent,1.4,93.918,-42.7,4.966,5228.1,0
30,admin.,single,university.degree,no,yes,no,cellular,aug,fri,353,10,999,0,nonexistent,1.4,93.444,-36.1,4.964,5228.1,0
45,admin.,divorced,university.degree,no,no,no,cellular,jul,fri,508,1,999,0,nonexistent,1.4,93.918,-42.7,4.957,5228.1,0
49,blue-collar,married,basic.4y,unknown,yes,no,telephone,may,wed,410,1,999,0,nonexistent,1.1,93.994,-36.4,4.857,5191,0
45,blue-collar,married,high.school,no,yes,no,telephone,may,thu,89,5,999,0,nonexistent,1.1,93.994,-36.4,4.855,5191,0
56,technician,married,basic.9y,no,yes,no,telephone,may,wed,52,2,999,0,nonexistent,1.1,93.994,-36.4,4.857,5191,0
48,admin.,single,university.degree,no,yes,no,cellular,aug,wed,118,1,0,2,success,-1.7,94.027,-38.3,0.9,4991.6,1
42,unemployed,married,high.school,no,yes,no,cellular,nov,tue,154,2,999,0,nonexistent,-0.1,93.2,-42,4.153,5195.8,0
51,management,married,university.degree,no,yes,yes,telephone,jun,mon,409,2,999,0,nonexistent,1.4,94.465,-41.8,4.865,5228.1,0
54,blue-collar,married,basic.9y,no,no,no,cellular,jun,fri,258,2,999,0,nonexistent,-2.9,92.963,-40.8,1.268,5076.2,1
40,admin.,married,university.degree,no,yes,no,cellular,aug,wed,335,2,999,0,nonexistent,1.4,93.444,-36.1,4.964,5228.1,0
47,blue-collar,single,basic.9y,no,yes,no,telephone,may,thu,54,1,999,0,nonexistent,1.1,93.994,-36.4,4.86,5191,0
29,technician,single,university.degree,no,no,no,cellular,aug,wed,896,6,999,0,nonexistent,1.4,93.444,-36.1,4.964,5228.1,0
37,admin.,married,university.degree,no,yes,yes,cellular,jun,mon,412,2,999,0,nonexistent,-2.9,92.963,-40.8,1.266,5076.2,1
35,technician,married,basic.9y,no,no,no,telephone,may,wed,24,1,999,0,nonexistent,1.1,93.994,-36.4,4.858,5191,0
54,technician,married,professional.course,no,yes,no,cellular,nov,tue,149,2,999,0,nonexistent,-0.1,93.2,-42,4.153,5195.8,0
45,unknown,married,university.degree,no,yes,no,cellular,may,thu,254,1,999,1,failure,-1.8,93.876,-40,0.692,5008.7,0
35,admin.,single,university.degree,no,yes,no,cellular,jul,fri,564,2,999,0,nonexistent,1.4,93.918,-42.7,4.963,5228.1,0
37,blue-collar,married,professional.course,no,yes,no,cellular,may,mon,185,1,999,1,failure,-1.8,92.893,-46.2,1.244,5099.1,0
38,management,married,basic.9y,no,yes,no,telephone,may,tue,1000,1,999,0,nonexistent,1.1,93.994,-36.4,4.856,5191,1
33,blue-collar,married,basic.9y,unknown,yes,no,telephone,may,mon,88,2,999,0,nonexistent,1.1,93.994,-36.4,4.857,5191,0
31,blue-collar,divorced,basic.9y,no,yes,no,telephone,jun,thu,166,2,999,0,nonexistent,1.4,94.465,-41.8,4.866,5228.1,0
34,admin.,married,university.degree,unknown,no,no,telephone,may,thu,134,1,999,0,nonexistent,1.1,93.994,-36.4,4.855,5191,0
51,blue-collar,divorced,high.school,no,no,no,cellular,may,tue,131,2,999,0,nonexistent,-1.8,92.893,-46.2,1.291,5099.1,0
38,blue-collar,married,high.school,unknown,yes,no,cellular,may,wed,118,1,999,1,failure,-1.8,92.893,-46.2,1.334,5099.1,0